OID_,YEAR,PRIMARY_SAMPLE_UNIT,ADMIN,PROT,MAPGRID_NR,STRAT,DEPTH_STRAT,lat,lon,NoTake
1,2025,4000,BUIS,0,3155916,PVMTDEEP,DEEP,17.808280000000000,-64.637450000000001,0
2,2025,4001,BUIS,0,436245,PVMTDEEP,DEEP,17.809329999999999,-64.629630000000006,0
3,2025,4002,EEMP,0,217509,AGRFDEEP,DEEP,17.719989999999999,-64.551460000000006,0
4,2025,4003,EEMP,0,193257,AGRFDEEP,DEEP,17.709869999999999,-64.576059999999998,0
5,2025,4004,EEMP,0,189948,AGRFDEEP,DEEP,17.708500000000001,-64.580389999999994,0
6,2025,4005,EEMP,0,367982,AGRFDEEP,DEEP,17.780940000000001,-64.659009999999995,0
7,2025,4007,OPEN,0,325426,AGRFDEEP,DEEP,17.764690000000002,-64.496930000000006,0
8,2025,4009,OPEN,0,231080,AGRFDEEP,DEEP,17.722700000000000,-64.895229999999998,0
9,2025,4010,OPEN,0,343439,AGRFDEEP,DEEP,17.769620000000000,-64.820920000000001,0
10,2025,4011,OPEN,0,321670,AGRFDEEP,DEEP,17.761410000000001,-64.711560000000006,0
11,2025,4012,OPEN,0,225584,AGRFDEEP,DEEP,17.720649999999999,-64.893460000000005,0
12,2025,4013,OPEN,0,341229,AGRFDEEP,DEEP,17.768580000000000,-64.825609999999998,0
13,2025,4014,OPEN,0,383141,AGRFDEEP,DEEP,17.786220000000000,-64.772900000000007,0
14,2025,4015,SARI,0,379869,AGRFDEEP,DEEP,17.785090000000000,-64.759469999999993,0
15,2025,4016,OPEN,0,380965,AGRFDEEP,DEEP,17.785460000000000,-64.761259999999993,0
16,2025,4017,SARI,0,378771,AGRFDEEP,DEEP,17.784579999999998,-64.758480000000006,0
17,2025,4018,OPEN,0,25496,AGRFDEEP,DEEP,17.638710000000000,-64.839780000000005,0
18,2025,4019,OPEN,0,49784,AGRFDEEP,DEEP,17.649120000000000,-64.798199999999994,0
19,2025,4020,OPEN,0,42052,AGRFDEEP,DEEP,17.645830000000000,-64.813559999999995,0
20,2025,4022,OPEN,0,24350,AGRFDEEP,DEEP,17.638140000000000,-64.861210000000000,0
21,2025,4023,OPEN,0,26474,AGRFDEEP,DEEP,17.638890000000000,-64.897149999999996,0
22,2025,4024,OPEN,0,25358,AGRFDEEP,DEEP,17.638220000000000,-64.904660000000007,0
23,2025,4025,OPEN,0,110402,PVMTDEEP,DEEP,17.674469999999999,-64.743129999999994,0
24,2025,4026,OPEN,0,23168,AGRFDEEP,DEEP,17.637339999999998,-64.899749999999997,0
25,2025,4027,OPEN,0,2906904,AGRFDEEP,DEEP,17.635539999999999,-64.867549999999994,0
26,2025,4028,OPEN,0,24367,PVMTDEEP,DEEP,17.638230000000000,-64.853489999999994,0
27,2025,4029,OPEN,0,23206,AGRFDEEP,DEEP,17.637329999999999,-64.882109999999997,0
28,2025,4030,BUIS,0,401044,PVMTSHLW,SHLW,17.794779999999999,-64.629940000000005,0
29,2025,4031,BUIS,0,385681,AGRFSHLW,SHLW,17.788760000000000,-64.612710000000007,0
30,2025,4032,BUIS,0,396659,PTRFSHLW,SHLW,17.792809999999999,-64.622799999999998,0
31,2025,4033,BUIS,0,390066,AGRFSHLW,SHLW,17.790459999999999,-64.619770000000003,0
32,2025,4034,BUIS,0,395557,AGRFSHLW,SHLW,17.792560000000002,-64.623829999999998,0
33,2025,4035,EEMP,0,328469,AGRFSHLW,SHLW,17.765200000000000,-64.617769999999993,1
34,2025,4039,EEMP,0,321904,AGRFSHLW,SHLW,17.762370000000001,-64.601249999999993,0
35,2025,4040,EEMP,0,330651,AGRFSHLW,SHLW,17.765850000000000,-64.626419999999996,1
36,2025,4041,OPEN,0,315075,AGRFSHLW,SHLW,17.758669999999999,-64.709419999999994,0
37,2025,4042,OPEN,0,309578,AGRFSHLW,SHLW,17.756470000000000,-64.707909999999998,0
38,2025,4043,OPEN,0,3051976,SCRSHLW,SHLW,17.757140000000000,-64.716960000000000,0
39,2025,4044,SARI,0,3097375,SCRSHLW,SHLW,17.781929999999999,-64.760189999999994,0
40,2025,4045,SARI,0,369976,AGRFSHLW,SHLW,17.780860000000001,-64.756410000000002,0
41,2025,4049,OPEN,0,133485,PVMTSHLW,SHLW,17.684080000000002,-64.751260000000002,0
42,2025,4050,BUIS,0,385648,BDRKSHLW,SHLW,17.788609999999998,-64.627899999999997,0
43,2025,4052,EEMP,0,310930,BDRKSHLW,SHLW,17.758019999999998,-64.588930000000005,0
44,2025,4054,OPEN,0,320632,SCRSHLW,SHLW,17.761220000000002,-64.682699999999997,0
45,2025,4055,SARI,0,375482,BDRKSHLW,SHLW,17.783370000000001,-64.753630000000001,0
46,2025,4056,SARI,0,377686,BDRKSHLW,SHLW,17.783960000000000,-64.751509999999996,0
47,2025,4057,SARI,0,375482,AGRFSHLW,SHLW,17.783370000000001,-64.753240000000005,0
48,2025,4061,BUIS,0,388990,PTRFDEEP,DEEP,17.789919999999999,-64.608410000000006,0
49,2025,4062,BUIS,0,388999,PTRFDEEP,DEEP,17.789950000000001,-64.603849999999994,0
50,2025,4063,BUIS,0,396693,PTRFDEEP,DEEP,17.792970000000000,-64.606999999999999,0
51,2025,4064,BUIS,0,386799,PTRFDEEP,DEEP,17.789020000000001,-64.604159999999993,0
52,2025,4065,BUIS,0,380215,PTRFDEEP,DEEP,17.786449999999999,-64.596680000000006,0
53,2025,4066,BUIS,0,394479,PTRFDEEP,DEEP,17.792240000000000,-64.613500000000002,0
54,2025,4067,BUIS,0,361520,PTRFDEEP,DEEP,17.778670000000002,-64.594049999999996,0
55,2025,4068,BUIS,0,384598,PTRFDEEP,DEEP,17.788190000000000,-64.604550000000003,0
56,2025,4069,BUIS,0,403267,PTRFDEEP,DEEP,17.795649999999998,-64.619240000000005,0
57,2025,4070,BUIS,0,382414,PTRFDEEP,DEEP,17.787340000000000,-64.597049999999996,0
58,2025,4071,BUIS,0,359296,PTRFDEEP,DEEP,17.777790000000000,-64.605549999999994,0
59,2025,4073,EEMP,0,336169,PTRFDEEP,DEEP,17.768039999999999,-64.618060000000000,0
60,2025,4074,EEMP,0,337267,PTRFDEEP,DEEP,17.768689999999999,-64.618709999999993,0
61,2025,4075,OPEN,0,371629,PTRFDEEP,DEEP,17.783770000000001,-64.495300000000000,0
62,2025,4076,OPEN,0,333092,PTRFDEEP,DEEP,17.767700000000001,-64.512690000000006,0
63,2025,4078,OPEN,0,151234,PVMTDEEP,DEEP,17.691730000000000,-64.681139999999999,0
64,2025,4079,BUIS,0,404392,PTRFSHLW,SHLW,17.796260000000000,-64.607560000000007,0
65,2025,4080,BUIS,0,383500,PTRFSHLW,SHLW,17.787680000000002,-64.603610000000003,0
66,2025,4082,BUIS,0,391221,AGRFSHLW,SHLW,17.790929999999999,-64.593760000000003,0
67,2025,4083,BUIS,0,394473,PTRFSHLW,SHLW,17.792190000000002,-64.616090000000000,0
68,2025,4084,BUIS,0,414248,AGRFSHLW,SHLW,17.799969999999998,-64.628169999999997,0
69,2025,4085,BUIS,0,390081,PTRFSHLW,SHLW,17.790310000000002,-64.612330000000000,0
70,2025,4086,BUIS,0,379103,PTRFSHLW,SHLW,17.785889999999998,-64.602289999999996,0
71,2025,4087,BUIS,0,375798,PTRFSHLW,SHLW,17.784440000000000,-64.604510000000005,0
72,2025,4089,EEMP,0,3059358,PTRFSHLW,SHLW,17.763140000000000,-64.588890000000006,0
73,2025,4090,SARI,0,368881,AGRFSHLW,SHLW,17.780449999999998,-64.754019999999997,0
74,2025,4091,OPEN,0,155539,PTRFSHLW,SHLW,17.693079999999998,-64.725669999999994,0
75,2025,4093,OPEN,0,152309,PVMTSHLW,SHLW,17.692090000000000,-64.692769999999996,0
76,2025,4094,BUIS,0,428577,PVMTDEEP,DEEP,17.806239999999999,-64.614350000000002,0
77,2025,4095,BUIS,0,391243,PVMTSHLW,SHLW,17.791139999999999,-64.583119999999994,0
78,2025,4096,BUIS,0,406522,AGRFDEEP,DEEP,17.796990000000001,-64.640180000000001,0
79,2025,4097,BUIS,0,435132,PVMTDEEP,DEEP,17.808700000000002,-64.635630000000006,0
80,2025,4098,BUIS,0,413222,PVMTDEEP,DEEP,17.800049999999999,-64.593360000000004,0
81,2025,4099,BUIS,0,412121,PVMTDEEP,DEEP,17.799479999999999,-64.593919999999997,0
82,2025,4100,BUIS,0,389050,PVMTDEEP,DEEP,17.790150000000001,-64.580089999999998,0
83,2025,4101,BUIS,0,440636,PVMTDEEP,DEEP,17.810749999999999,-64.633709999999994,0
84,2025,4102,BUIS,0,406670,PVMTDEEP,DEEP,17.797570000000000,-64.570409999999995,0
85,2025,4103,BUIS,0,435153,AGRFDEEP,DEEP,17.808789999999998,-64.625870000000006,0
86,2025,4104,BUIS,0,408841,PVMTDEEP,DEEP,17.798390000000001,-64.584370000000007,0
87,2025,4105,BUIS,0,424204,AGRFDEEP,DEEP,17.804420000000000,-64.601619999999997,0
88,2025,4108,BUIS,0,398958,PVMTDEEP,DEEP,17.794440000000002,-64.576449999999994,0
89,2025,4109,BUIS,0,431860,AGRFDEEP,DEEP,17.807520000000000,-64.622420000000005,0
90,2025,4110,BUIS,0,405546,PVMTDEEP,DEEP,17.796970000000002,-64.581760000000003,0
91,2025,4111,BUIS,0,398949,PVMTDEEP,DEEP,17.794370000000001,-64.580430000000007,0
92,2025,4112,EEMP,0,361581,PVMTDEEP,DEEP,17.778870000000001,-64.565370000000001,0
93,2025,4113,EEMP,0,301180,AGRFDEEP,DEEP,17.754449999999999,-64.518259999999998,0
94,2025,4114,EEMP,0,402325,AGRFDEEP,DEEP,17.795819999999999,-64.544539999999998,0
95,2025,4116,EEMP,0,317630,PVMTDEEP,DEEP,17.761180000000000,-64.542109999999994,0
96,2025,4118,EEMP,0,214130,PVMTDEEP,DEEP,17.718270000000000,-64.588939999999994,0
97,2025,4119,EEMP,0,204175,PVMTDEEP,DEEP,17.713860000000000,-64.614829999999998,0
98,2025,4121,EEMP,0,206376,PVMTDEEP,DEEP,17.714919999999999,-64.613969999999995,0
99,2025,4122,EEMP,0,219659,AGRFDEEP,DEEP,17.720510000000001,-64.575260000000000,0
100,2025,4123,EEMP,0,306691,PVMTDEEP,DEEP,17.756799999999998,-64.513130000000004,0
101,2025,4124,EEMP,0,377000,PVMTDEEP,DEEP,17.785399999999999,-64.556129999999996,0
102,2025,4125,EEMP,0,163435,AGRFDEEP,DEEP,17.697109999999999,-64.633279999999999,0
103,2025,4129,EEMP,0,182216,AGRFDEEP,DEEP,17.705050000000000,-64.595280000000002,0
104,2025,4131,EEMP,0,154603,PVMTDEEP,DEEP,17.693510000000000,-64.648219999999995,0
105,2025,4132,EEMP,0,391305,AGRFDEEP,DEEP,17.791340000000002,-64.554239999999993,0
106,2025,4134,EEMP,0,382543,AGRFDEEP,DEEP,17.787759999999999,-64.536010000000005,0
107,2025,4135,EEMP,0,252680,PVMTDEEP,DEEP,17.734449999999999,-64.565330000000003,0
108,2025,4137,OPEN,0,418948,PTRFDEEP,DEEP,17.803290000000001,-64.486879999999999,0
109,2025,4138,OPEN,0,369454,PVMTDEEP,DEEP,17.782670000000000,-64.483779999999996,0
110,2025,4139,OPEN,0,420073,AGRFDEEP,DEEP,17.803650000000001,-64.474760000000003,0
111,2025,4140,OPEN,0,445418,AGRFDEEP,DEEP,17.814299999999999,-64.453999999999994,0
112,2025,4141,OPEN,0,439796,AGRFDEEP,DEEP,17.811330000000002,-64.511409999999998,0
113,2025,4142,OPEN,0,359542,AGRFDEEP,DEEP,17.778459999999999,-64.489480000000000,0
114,2025,4143,BUIS,0,403267,AGRFDEEP,DEEP,17.795649999999998,-64.619240000000005,0
115,2025,4144,OPEN,0,395929,AGRFDEEP,DEEP,17.793780000000002,-64.448599999999999,0
116,2025,4146,OPEN,0,401391,PVMTDEEP,DEEP,17.795900000000000,-64.466329999999999,0
117,2025,4147,OPEN,0,438665,PVMTDEEP,DEEP,17.811100000000000,-64.525720000000007,0
118,2025,4148,OPEN,0,450913,PVMTDEEP,DEEP,17.816289999999999,-64.456130000000002,0
119,2025,4149,OPEN,0,455292,PVMTDEEP,DEEP,17.817959999999999,-64.466099999999997,0
120,2025,4150,OPEN,0,422191,AGRFDEEP,DEEP,17.804259999999999,-64.513720000000006,0
121,2025,4154,OPEN,0,433238,AGRFDEEP,DEEP,17.808890000000002,-64.491659999999996,0
122,2025,4155,OPEN,0,406899,AGRFDEEP,DEEP,17.798410000000001,-64.462840000000000,0
123,2025,4156,OPEN,0,346315,PTRFDEEP,DEEP,17.773309999999999,-64.501819999999995,0
124,2025,4157,OPEN,0,433306,PVMTDEEP,DEEP,17.808959999999999,-64.459410000000005,0
125,2025,4158,OPEN,0,385969,PVMTDEEP,DEEP,17.789709999999999,-64.476900000000001,0
126,2025,4161,OPEN,0,464113,PVMTDEEP,DEEP,17.822060000000000,-64.456320000000005,0
127,2025,4162,OPEN,0,374407,AGRFDEEP,DEEP,17.782779999999999,-64.741829999999993,0
128,2025,4163,SARI,0,389787,PVMTDEEP,DEEP,17.789330000000000,-64.751220000000004,0
129,2025,4164,SARI,0,393088,PVMTDEEP,DEEP,17.790510000000001,-64.750559999999993,0
130,2025,4165,SARI,0,391983,PVMTDEEP,DEEP,17.790160000000000,-64.752840000000006,0
131,2025,4166,OPEN,0,65184,AGRFDEEP,DEEP,17.655400000000000,-64.798609999999996,0
132,2025,4167,OPEN,0,26484,AGRFDEEP,DEEP,17.638710000000000,-64.892409999999998,0
133,2025,4168,OPEN,0,38613,PVMTDEEP,DEEP,17.643840000000001,-64.878969999999995,0
134,2025,4169,OPEN,0,112578,PVMTDEEP,DEEP,17.675370000000001,-64.754480000000001,0
135,2025,4170,OPEN,0,52908,PVMTDEEP,DEEP,17.649629999999998,-64.881479999999996,0
136,2025,4172,OPEN,0,38600,PVMTDEEP,DEEP,17.643599999999999,-64.885159999999999,0
137,2025,4173,OPEN,0,68453,PVMTDEEP,DEEP,17.656710000000000,-64.813230000000004,0
138,2025,4176,OPEN,0,40819,PVMTDEEP,DEEP,17.644800000000000,-64.876249999999999,0
139,2025,4177,OPEN,0,115887,PVMTDEEP,DEEP,17.676649999999999,-64.749960000000002,0
140,2025,4178,OPEN,0,40843,PVMTDEEP,DEEP,17.644880000000001,-64.864869999999996,0
141,2025,4179,OPEN,0,129145,AGRFDEEP,DEEP,17.682440000000000,-64.722660000000005,0
142,2025,4180,OPEN,0,72892,AGRFDEEP,DEEP,17.658639999999998,-64.794889999999995,0
143,2025,4181,OPEN,0,28735,AGRFDEEP,DEEP,17.639990000000001,-64.868660000000006,0
144,2025,4185,BUIS,0,404423,PVMTSHLW,SHLW,17.796330000000001,-64.592920000000007,0
145,2025,4186,BUIS,0,366915,PVMTSHLW,SHLW,17.780660000000001,-64.643730000000005,0
146,2025,4187,BUIS,0,389034,AGRFSHLW,SHLW,17.790120000000002,-64.587540000000004,0
147,2025,4188,BUIS,0,399923,PVMTSHLW,SHLW,17.794210000000000,-64.640060000000005,0
148,2025,4189,BUIS,0,421969,PVMTSHLW,SHLW,17.803439999999998,-64.618290000000002,0
149,2025,4190,BUIS,0,404337,AGRFSHLW,SHLW,17.795909999999999,-64.633340000000004,0
150,2025,4191,BUIS,0,404343,PVMTSHLW,SHLW,17.796119999999998,-64.630480000000006,0
151,2025,4192,BUIS,0,425233,PVMTDEEP,DEEP,17.804780000000001,-64.635120000000001,0
152,2025,4193,BUIS,0,390114,PVMTSHLW,SHLW,17.790510000000001,-64.597149999999999,0
153,2025,4194,EEMP,0,171095,PVMTSHLW,SHLW,17.700209999999998,-64.652389999999997,0
154,2025,4195,EEMP,0,363602,PVMTSHLW,SHLW,17.779170000000001,-64.649519999999995,0
155,2025,4196,EEMP,0,336238,AGRFSHLW,SHLW,17.768480000000000,-64.585570000000004,0
156,2025,4197,EEMP,0,195308,PVMTSHLW,SHLW,17.710270000000001,-64.646330000000006,0
157,2025,4198,OPEN,0,464034,PVMTSHLW,SHLW,17.821359999999999,-64.493549999999999,0
158,2025,4199,OPEN,0,217895,AGRFSHLW,SHLW,17.717420000000001,-64.888210000000001,0
159,2025,4200,OPEN,0,335721,AGRFSHLW,SHLW,17.766200000000001,-64.829409999999996,0
160,2025,4202,OPEN,0,365465,PVMTSHLW,SHLW,17.778739999999999,-64.808610000000002,0
161,2025,4203,SARI,0,387587,PVMTSHLW,SHLW,17.788329999999998,-64.751320000000007,0
162,2025,4204,SARI,0,388688,PVMTSHLW,SHLW,17.788770000000000,-64.750820000000004,0
163,2025,4205,SARI,0,384275,PVMTSHLW,SHLW,17.786829999999998,-64.756990000000002,0
164,2025,4206,OPEN,0,93792,AGRFSHLW,SHLW,17.667280000000002,-64.794520000000006,0
165,2025,4207,OPEN,0,71639,SCRSHLW,SHLW,17.657440000000001,-64.866910000000004,0
166,2025,4209,OPEN,0,151209,PVMTSHLW,SHLW,17.691710000000000,-64.692760000000007,0
167,2025,4211,OPEN,0,172102,PVMTSHLW,SHLW,17.700160000000000,-64.696129999999997,0
168,2025,4212,OPEN,0,62889,PVMTSHLW,SHLW,17.654250000000001,-64.843260000000001,0
169,2025,4213,OPEN,0,133553,PVMTSHLW,SHLW,17.684139999999999,-64.719189999999998,0
170,2025,4214,OPEN,0,67187,PVMTSHLW,SHLW,17.655590000000000,-64.891199999999998,0
171,2025,4215,OPEN,0,76133,AGRFSHLW,SHLW,17.659800000000001,-64.822410000000005,0
172,2025,4217,BUIS,0,369209,AGRFSHLW,SHLW,17.781790000000001,-64.599400000000003,0
173,2025,4218,BUIS,0,381341,SCRDEEP,DEEP,17.786930000000002,-64.584400000000002,0
174,2025,4219,BUIS,0,3076563,PTRFDEEP,DEEP,17.773050000000001,-64.600759999999994,0
175,2025,4220,BUIS,0,393379,PTRFDEEP,DEEP,17.791560000000000,-64.613699999999994,0
176,2025,4221,BUIS,0,363716,AGRFDEEP,DEEP,17.779669999999999,-64.596080000000001,0
177,2025,4222,EEMP,0,339566,PVMTDEEP,DEEP,17.769860000000001,-64.572109999999995,0
178,2025,4226,EEMP,0,342974,AGRFDEEP,DEEP,17.771699999999999,-64.521190000000004,0
179,2025,4227,EEMP,0,251618,SCRDEEP,DEEP,17.733830000000001,-64.547550000000001,0
180,2025,4228,OPEN,0,411266,PTRFDEEP,DEEP,17.800170000000001,-64.478420000000000,0
181,2025,4230,OPEN,0,3174164,AGRFDEEP,DEEP,17.817640000000001,-64.525350000000003,0
182,2025,4231,OPEN,0,414558,AGRFDEEP,DEEP,17.801200000000001,-64.481920000000002,0
183,2025,4232,OPEN,0,401367,AGRFDEEP,DEEP,17.795950000000001,-64.477800000000002,0
184,2025,4233,OPEN,0,457385,PVMTDEEP,DEEP,17.818780000000000,-64.516369999999995,0
185,2025,4234,OPEN,0,217891,PVMTDEEP,DEEP,17.717490000000002,-64.890110000000007,0
186,2025,4236,SARI,0,393081,PVMTDEEP,DEEP,17.790330000000001,-64.753860000000003,0
187,2025,4237,OPEN,0,90509,PVMTDEEP,DEEP,17.665929999999999,-64.786919999999995,0
188,2025,4238,OPEN,0,105942,PVMTDEEP,DEEP,17.672590000000000,-64.771349999999998,0
189,2025,4239,OPEN,0,109252,SCRDEEP,DEEP,17.673970000000001,-64.766760000000005,0
190,2025,4241,OPEN,0,105937,SCRDEEP,DEEP,17.672380000000000,-64.773799999999994,0
191,2025,4242,BUIS,0,395556,AGRFSHLW,SHLW,17.792700000000000,-64.624170000000007,0
192,2025,4244,BUIS,0,392227,SCRSHLW,SHLW,17.790959999999998,-64.638120000000001,0
193,2025,4247,OPEN,0,328005,SCRSHLW,SHLW,17.763030000000001,-64.836489999999998,0
194,2025,4248,OPEN,0,100380,PVMTSHLW,SHLW,17.669910000000002,-64.800250000000005,0
195,2025,4249,OPEN,0,76132,PVMTSHLW,SHLW,17.659739999999999,-64.822940000000003,0
196,2025,4250,BUIS,0,371365,AGRFSHLW,SHLW,17.782380000000000,-64.620189999999994,0
197,2025,4258,OPEN,0,269574,AGRFDEEP,DEEP,17.738650000000000,-64.898309999999995,0
198,2025,4259,OPEN,0,3063999,PVMTDEEP,DEEP,17.763809999999999,-64.890450000000001,0
199,2025,4262,OPEN,0,273974,AGRFDEEP,DEEP,17.740330000000000,-64.898340000000005,0
200,2025,4279,OPEN,0,28806,AGRFDEEP,DEEP,17.640190000000000,-64.835189999999997,0
201,2025,4283,BUIS,0,373570,AGRFSHLW,SHLW,17.783560000000001,-64.617679999999993,0
202,2025,4286,EEMP,0,3054093,PTRFSHLW,SHLW,17.759519999999998,-64.591510000000000,0
203,2025,4288,EEMP,0,324096,AGRFSHLW,SHLW,17.763249999999999,-64.604990000000001,0
204,2025,4290,EEMP,0,329567,AGRFSHLW,SHLW,17.765329999999999,-64.618759999999995,1
205,2025,4293,OPEN,0,308498,AGRFSHLW,SHLW,17.756200000000000,-64.698599999999999,0
206,2025,4301,EEMP,0,322883,BDRKSHLW,SHLW,17.762480000000000,-64.658490000000000,1
207,2025,4314,BUIS,0,399991,PTRFDEEP,DEEP,17.794440000000002,-64.607910000000004,0
208,2025,4315,BUIS,0,373584,PTRFDEEP,DEEP,17.783740000000002,-64.611000000000004,0
209,2025,4316,BUIS,0,385706,PTRFDEEP,DEEP,17.788560000000000,-64.600859999999997,0
210,2025,4317,BUIS,0,361517,AGRFDEEP,DEEP,17.778800000000000,-64.595269999999999,0
211,2025,4318,BUIS,0,398894,SCRDEEP,DEEP,17.793959999999998,-64.606489999999994,0
212,2025,4320,BUIS,0,404386,PTRFDEEP,DEEP,17.796260000000000,-64.610420000000005,0
213,2025,4321,BUIS,0,370299,PTRFDEEP,DEEP,17.782450000000001,-64.603970000000004,0
214,2025,4323,EEMP,0,336181,PTRFDEEP,DEEP,17.768180000000001,-64.612170000000006,0
215,2025,4330,BUIS,0,408785,PTRFSHLW,SHLW,17.797870000000000,-64.610789999999994,0
216,2025,4332,BUIS,0,388967,PTRFSHLW,SHLW,17.789650000000002,-64.618939999999995,0
217,2025,4333,BUIS,0,410975,AGRFSHLW,SHLW,17.798929999999999,-64.615480000000005,0
218,2025,4334,BUIS,0,404347,AGRFSHLW,SHLW,17.796160000000000,-64.628619999999998,0
219,2025,4336,BUIS,0,406589,PVMTSHLW,SHLW,17.797120000000000,-64.608930000000001,0
220,2025,4338,EEMP,0,327428,PTRFSHLW,SHLW,17.764790000000001,-64.590239999999994,0
221,2025,4341,OPEN,0,72796,AGRFSHLW,SHLW,17.658010000000001,-64.840029999999999,0
222,2025,4343,OPEN,0,77239,PTRFSHLW,SHLW,17.660399999999999,-64.819699999999997,0
223,2025,4344,BUIS,0,435134,PVMTDEEP,DEEP,17.808800000000002,-64.634770000000003,0
224,2025,4345,BUIS,0,409939,AGRFDEEP,DEEP,17.798719999999999,-64.585269999999994,0
225,2025,4346,BUIS,0,427479,PVMTDEEP,DEEP,17.805869999999999,-64.613380000000006,0
226,2025,4347,BUIS,0,431875,AGRFDEEP,DEEP,17.807410000000001,-64.615420000000000,0
227,2025,4349,BUIS,0,435145,AGRFDEEP,DEEP,17.808759999999999,-64.629859999999994,0
228,2025,4350,BUIS,0,371378,PTRFDEEP,DEEP,17.782660000000000,-64.613950000000003,0
229,2025,4351,BUIS,0,423026,AGRFDEEP,DEEP,17.803889999999999,-64.638639999999995,0
230,2025,4353,BUIS,0,430735,PVMTDEEP,DEEP,17.806799999999999,-64.634360000000001,0
231,2025,4354,BUIS,0,402260,PVMTDEEP,DEEP,17.795670000000001,-64.575479999999999,0
232,2025,4355,BUIS,0,423101,AGRFDEEP,DEEP,17.804089999999999,-64.603409999999997,0
233,2025,4357,BUIS,0,436244,PVMTDEEP,DEEP,17.809220000000000,-64.630030000000005,0
234,2025,4358,BUIS,0,404321,SCRDEEP,DEEP,17.796040000000001,-64.640829999999994,0
235,2025,4359,BUIS,0,414325,PVMTDEEP,DEEP,17.800470000000001,-64.591989999999996,0
236,2025,4360,BUIS,0,372486,PTRFDEEP,DEEP,17.783110000000001,-64.609909999999999,0
237,2025,4361,BUIS,0,407753,PVMTDEEP,DEEP,17.797870000000000,-64.578659999999999,0
238,2025,4364,EEMP,0,386889,AGRFDEEP,DEEP,17.789290000000001,-64.561679999999996,0
239,2025,4366,EEMP,0,402310,PVMTDEEP,DEEP,17.795950000000001,-64.551500000000004,0
240,2025,4367,EEMP,0,414421,PVMTDEEP,DEEP,17.800989999999999,-64.546800000000005,0
241,2025,4381,EEMP,0,412226,PVMTDEEP,DEEP,17.799949999999999,-64.544380000000004,0
242,2025,4383,EEMP,0,349501,PVMTDEEP,DEEP,17.774290000000001,-64.555679999999995,0
243,2025,4385,EEMP,0,357168,PVMTDEEP,DEEP,17.777170000000002,-64.571529999999996,0
244,2025,4397,OPEN,0,397972,AGRFDEEP,DEEP,17.794329999999999,-64.522459999999995,0
245,2025,4402,OPEN,0,416643,PVMTDEEP,DEEP,17.801680000000001,-64.536360000000002,0
246,2025,4424,OPEN,0,37467,AGRFDEEP,DEEP,17.643129999999999,-64.900549999999996,0
247,2025,4431,BUIS,0,385694,PTRFDEEP,DEEP,17.788530000000002,-64.606420000000000,0
248,2025,4434,OPEN,0,50773,PVMTDEEP,DEEP,17.649170000000002,-64.850849999999994,0
249,2025,4435,BUIS,0,383529,AGRFSHLW,SHLW,17.787939999999999,-64.589969999999994,0
250,2025,4436,BUIS,0,369235,AGRFSHLW,SHLW,17.781920000000000,-64.587130000000002,0
251,2025,4438,BUIS,0,385723,AGRFSHLW,SHLW,17.788679999999999,-64.592900000000000,0
252,2025,4440,BUIS,0,404432,PVMTSHLW,SHLW,17.796440000000000,-64.588660000000004,0
253,2025,4442,BUIS,0,365817,PVMTSHLW,SHLW,17.780249999999999,-64.642430000000004,0
254,2025,4443,BUIS,0,402197,AGRFSHLW,SHLW,17.795400000000001,-64.605040000000002,0
255,2025,4451,OPEN,0,350343,PVMTSHLW,SHLW,17.773560000000000,-64.677660000000003,0
256,2025,4467,BUIS,0,378036,PTRFDEEP,DEEP,17.785660000000000,-64.586320000000001,0
257,2025,4471,BUIS,0,365823,SCRDEEP,DEEP,17.780270000000002,-64.639960000000002,0
258,2025,4472,EEMP,0,339566,SCRDEEP,DEEP,17.769760000000002,-64.572450000000003,0
259,2025,4473,EEMP,0,352749,PTRFDEEP,DEEP,17.775169999999999,-64.580539999999999,0
260,2025,4475,EEMP,0,348349,SCRDEEP,DEEP,17.773530000000001,-64.580330000000004,0
261,2025,4477,EEMP,0,336252,AGRFDEEP,DEEP,17.768310000000000,-64.578940000000003,0
262,2025,4478,OPEN,0,412257,PTRFDEEP,DEEP,17.800080000000001,-64.529780000000002,0
263,2025,4487,OPEN,0,26597,AGRFDEEP,DEEP,17.639320000000001,-64.839110000000005,0
264,2025,4488,OPEN,0,101529,SCRDEEP,DEEP,17.670639999999999,-64.777349999999998,0
265,2025,4492,BUIS,0,365808,SCRSHLW,SHLW,17.780100000000001,-64.646730000000005,0
266,2025,4601,EEMP,0,227244,AGRFSHLW,SHLW,17.723530000000000,-64.629320000000007,1
267,2025,4602,EEMP,0,331731,AGRFSHLW,SHLW,17.766130000000000,-64.636060000000001,1
268,2025,4603,EEMP,0,325175,AGRFSHLW,SHLW,17.763729999999999,-64.615250000000003,1
269,2025,4604,EEMP,0,280126,PVMTSHLW,SHLW,17.745429999999999,-64.590770000000006,1
270,2025,4605,EEMP,0,220631,AGRFSHLW,SHLW,17.720420000000001,-64.635270000000006,1
271,2025,4606,EEMP,0,205197,AGRFSHLW,SHLW,17.713999999999999,-64.651330000000002,1
272,2025,4607,EEMP,0,327313,AGRFSHLW,SHLW,17.764540000000000,-64.644260000000003,1
273,2025,4608,EEMP,0,228344,AGRFSHLW,SHLW,17.723949999999999,-64.629419999999996,1
274,2025,4609,EEMP,0,229447,AGRFSHLW,SHLW,17.724170000000001,-64.627930000000006,1
275,2025,4610,EEMP,0,339370,BDRKSHLW,SHLW,17.768979999999999,-64.664800000000000,1
276,2025,4611,EEMP,0,319566,BDRKSHLW,SHLW,17.760999999999999,-64.666499999999999,0
277,2025,4612,EEMP,0,334967,BDRKSHLW,SHLW,17.767189999999999,-64.666049999999998,1
278,2025,4613,EEMP,0,320683,BDRKSHLW,SHLW,17.761649999999999,-64.658619999999999,0
279,2025,4614,EEMP,0,243759,AGRFSHLW,SHLW,17.730100000000000,-64.622349999999997,1
280,2025,4615,EEMP,0,326186,BDRKSHLW,SHLW,17.763680000000001,-64.656980000000004,1
281,2025,4616,EEMP,0,201880,PTRFSHLW,SHLW,17.712620000000001,-64.659469999999999,1
282,2025,4617,EEMP,0,335024,PTRFSHLW,SHLW,17.767540000000000,-64.639099999999999,1
283,2025,4618,EEMP,0,209582,PTRFSHLW,SHLW,17.715679999999999,-64.658379999999994,1
284,2025,4619,EEMP,0,336123,PTRFSHLW,SHLW,17.767769999999999,-64.639799999999994,1
285,2025,4620,EEMP,0,318652,PTRFSHLW,SHLW,17.761080000000000,-64.578930000000000,1
286,2025,4621,EEMP,0,215107,PTRFSHLW,SHLW,17.718050000000002,-64.646720000000002,1
287,2025,4622,EEMP,0,331731,AGRFSHLW,SHLW,17.766130000000000,-64.636060000000001,1
288,2025,4623,EEMP,0,333966,AGRFDEEP,DEEP,17.767029999999998,-64.619600000000005,1
289,2025,4624,EEMP,0,240465,AGRFSHLW,SHLW,17.728840000000002,-64.619730000000004,1
290,2025,4625,EEMP,0,330756,PVMTSHLW,SHLW,17.766079999999999,-64.577029999999993,0
291,2025,4626,EEMP,0,250387,PVMTSHLW,SHLW,17.732949999999999,-64.609210000000004,1
292,2025,4628,EEMP,0,212913,AGRFSHLW,SHLW,17.717169999999999,-64.644099999999995,1
293,2025,4629,EEMP,0,324058,AGRFSHLW,SHLW,17.763079999999999,-64.622969999999995,1
294,2025,4630,EEMP,0,240465,AGRFSHLW,SHLW,17.728680000000001,-64.619399999999999,0
295,2025,4631,EEMP,0,330616,AGRFSHLW,SHLW,17.765709999999999,-64.643090000000001,1
296,2025,4632,EEMP,0,236058,PVMTSHLW,SHLW,17.727000000000000,-64.622839999999997,1
297,2025,4633,EEMP,0,243772,PVMTSHLW,SHLW,17.730260000000001,-64.616280000000003,0
298,2025,4634,EEMP,0,318656,PTRFSHLW,SHLW,17.761420000000001,-64.576750000000004,1
299,2025,4636,EEMP,0,323053,AGRFSHLW,SHLW,17.763169999999999,-64.578170000000000,1
300,2025,4637,EEMP,0,232751,AGRFSHLW,SHLW,17.725670000000001,-64.626080000000002,1
301,2025,4638,EEMP,0,324149,AGRFSHLW,SHLW,17.763570000000001,-64.580079999999995,1
302,2025,4639,EEMP,0,317556,PTRFSHLW,SHLW,17.760870000000001,-64.576980000000006,1
303,2025,4650,EEMP,0,327375,AGRFSHLW,SHLW,17.764589999999998,-64.614940000000004,1
304,2025,4651,EEMP,0,330741,AGRFSHLW,SHLW,17.766220000000001,-64.584090000000003,1
305,2025,4661,EEMP,0,332797,PVMTSHLW,SHLW,17.766300000000001,-64.651769999999999,1
306,2025,4671,EEMP,0,329540,AGRFSHLW,SHLW,17.765329999999999,-64.631519999999995,1
307,2025,4673,EEMP,0,336116,PTRFSHLW,SHLW,17.768030000000000,-64.643150000000006,1
308,2025,4675,EEMP,0,3016481,PTRFSHLW,SHLW,17.714990000000000,-64.657830000000004,1
309,2025,4679,EEMP,0,206274,PTRFSHLW,SHLW,17.714449999999999,-64.662319999999994,1
310,2025,4680,EEMP,0,338318,PTRFSHLW,SHLW,17.768719999999998,-64.641949999999994,1
311,2025,4685,EEMP,0,330673,SCRDEEP,DEEP,17.765860000000000,-64.616090000000000,1
312,2025,4689,EEMP,0,332824,PVMTSHLW,SHLW,17.766510000000000,-64.639160000000004,1
313,2025,4691,EEMP,0,330741,AGRFSHLW,SHLW,17.766079999999999,-64.584119999999999,1
314,2025,4692,EEMP,0,277935,AGRFSHLW,SHLW,17.744599999999998,-64.586720000000000,1
315,2025,4693,EEMP,0,285672,AGRFSHLW,SHLW,17.747720000000001,-64.569299999999998,1
316,2025,4694,EEMP,0,198571,PVMTSHLW,SHLW,17.711250000000000,-64.663870000000003,1
317,2025,4695,EEMP,0,338272,PVMTSHLW,SHLW,17.768780000000000,-64.663640000000001,1
318,2025,4696,EEMP,0,330638,PTRFSHLW,SHLW,17.765699999999999,-64.632589999999993,1
319,2025,4699,EEMP,0,3069789,PVMTSHLW,SHLW,17.768960000000000,-64.649900000000002,1
320,2025,4701,EEMP,0,336146,PVMTSHLW,SHLW,17.768090000000001,-64.628940000000000,1
321,2025,4703,EEMP,0,329519,PVMTSHLW,SHLW,17.765309999999999,-64.641530000000003,1
322,2025,4704,EEMP,0,341586,PVMTSHLW,SHLW,17.770060000000001,-64.657309999999995,1
323,2025,4706,EEMP,0,255892,PVMTSHLW,SHLW,17.735119999999998,-64.606970000000004,1
324,2025,4707,EEMP,0,201869,AGRFSHLW,SHLW,17.712650000000000,-64.664730000000006,0
325,2025,4718,EEMP,0,319753,PTRFSHLW,SHLW,17.761920000000000,-64.578479999999999,1
