"YEAR","PRIMARY_SAMPLE_UNIT","ADMIN","PROT","MAPGRID_NR","STRAT","DEPTH_STRAT","lat","lon"
2025,4000,"BUIS",0,3155916,"PVMTDEEP","DEEP",17.80828,-64.63745
2025,4001,"BUIS",0,436245,"PVMTDEEP","DEEP",17.80933,-64.62963
2025,4002,"EEMP",0,217509,"AGRFDEEP","DEEP",17.71999,-64.55146
2025,4003,"EEMP",0,193257,"AGRFDEEP","DEEP",17.70987,-64.57606
2025,4004,"EEMP",0,189948,"AGRFDEEP","DEEP",17.7085,-64.58039
2025,4005,"EEMP",0,367982,"AGRFDEEP","DEEP",17.78094,-64.65901
2025,4007,"OPEN",0,325426,"AGRFDEEP","DEEP",17.76469,-64.49693
2025,4009,"OPEN",0,231080,"AGRFDEEP","DEEP",17.7227,-64.89523
2025,4010,"OPEN",0,343439,"AGRFDEEP","DEEP",17.76962,-64.82092
2025,4011,"OPEN",0,321670,"AGRFDEEP","DEEP",17.76141,-64.71156
2025,4012,"OPEN",0,225584,"AGRFDEEP","DEEP",17.72065,-64.89346
2025,4013,"OPEN",0,341229,"AGRFDEEP","DEEP",17.76858,-64.82561
2025,4014,"OPEN",0,383141,"AGRFDEEP","DEEP",17.78622,-64.7729
2025,4015,"SARI",0,379869,"AGRFDEEP","DEEP",17.78509,-64.75947
2025,4016,"OPEN",0,380965,"AGRFDEEP","DEEP",17.78546,-64.76126
2025,4017,"SARI",0,378771,"AGRFDEEP","DEEP",17.78458,-64.75848
2025,4018,"OPEN",0,25496,"AGRFDEEP","DEEP",17.63871,-64.83978
2025,4019,"OPEN",0,49784,"AGRFDEEP","DEEP",17.64912,-64.7982
2025,4020,"OPEN",0,42052,"AGRFDEEP","DEEP",17.64583,-64.81356
2025,4022,"OPEN",0,24350,"AGRFDEEP","DEEP",17.63814,-64.86121
2025,4023,"OPEN",0,26474,"AGRFDEEP","DEEP",17.63889,-64.89715
2025,4024,"OPEN",0,25358,"AGRFDEEP","DEEP",17.63822,-64.90466
2025,4025,"OPEN",0,110402,"PVMTDEEP","DEEP",17.67447,-64.74313
2025,4026,"OPEN",0,23168,"AGRFDEEP","DEEP",17.63734,-64.89975
2025,4027,"OPEN",0,2906904,"AGRFDEEP","DEEP",17.63554,-64.86755
2025,4028,"OPEN",0,24367,"PVMTDEEP","DEEP",17.63823,-64.85349
2025,4029,"OPEN",0,23206,"AGRFDEEP","DEEP",17.63733,-64.88211
2025,4030,"BUIS",0,401044,"PVMTSHLW","SHLW",17.79478,-64.62994
2025,4031,"BUIS",0,385681,"AGRFSHLW","SHLW",17.78876,-64.61271
2025,4032,"BUIS",0,396659,"PTRFSHLW","SHLW",17.79281,-64.6228
2025,4033,"BUIS",0,390066,"AGRFSHLW","SHLW",17.79046,-64.61977
2025,4034,"BUIS",0,395557,"AGRFSHLW","SHLW",17.79256,-64.62383
2025,4035,"EEMP",0,328469,"AGRFSHLW","SHLW",17.7652,-64.61777
2025,4039,"EEMP",0,321904,"AGRFSHLW","SHLW",17.76237,-64.60125
2025,4040,"EEMP",0,330651,"AGRFSHLW","SHLW",17.76585,-64.62642
2025,4041,"OPEN",0,315075,"AGRFSHLW","SHLW",17.75867,-64.70942
2025,4042,"OPEN",0,309578,"AGRFSHLW","SHLW",17.75647,-64.70791
2025,4043,"OPEN",0,3051976,"SCRSHLW","SHLW",17.75714,-64.71696
2025,4044,"SARI",0,3097375,"SCRSHLW","SHLW",17.78193,-64.76019
2025,4045,"SARI",0,369976,"AGRFSHLW","SHLW",17.78086,-64.75641
2025,4049,"OPEN",0,133485,"PVMTSHLW","SHLW",17.68408,-64.75126
2025,4050,"BUIS",0,385648,"BDRKSHLW","SHLW",17.78861,-64.6279
2025,4052,"EEMP",0,310930,"BDRKSHLW","SHLW",17.75802,-64.58893
2025,4054,"OPEN",0,320632,"SCRSHLW","SHLW",17.76122,-64.6827
2025,4055,"SARI",0,375482,"BDRKSHLW","SHLW",17.78337,-64.75363
2025,4056,"SARI",0,377686,"BDRKSHLW","SHLW",17.78396,-64.75151
2025,4057,"SARI",0,375482,"AGRFSHLW","SHLW",17.78337,-64.75324
2025,4061,"BUIS",0,388990,"PTRFDEEP","DEEP",17.78992,-64.60841
2025,4062,"BUIS",0,388999,"PTRFDEEP","DEEP",17.78995,-64.60385
2025,4063,"BUIS",0,396693,"PTRFDEEP","DEEP",17.79297,-64.607
2025,4064,"BUIS",0,386799,"PTRFDEEP","DEEP",17.78902,-64.60416
2025,4065,"BUIS",0,380215,"PTRFDEEP","DEEP",17.78645,-64.59668
2025,4066,"BUIS",0,394479,"PTRFDEEP","DEEP",17.79224,-64.6135
2025,4067,"BUIS",0,361520,"PTRFDEEP","DEEP",17.77867,-64.59405
2025,4068,"BUIS",0,384598,"PTRFDEEP","DEEP",17.78819,-64.60455
2025,4069,"BUIS",0,403267,"PTRFDEEP","DEEP",17.79565,-64.61924
2025,4070,"BUIS",0,382414,"PTRFDEEP","DEEP",17.78734,-64.59705
2025,4071,"BUIS",0,359296,"PTRFDEEP","DEEP",17.77779,-64.60555
2025,4073,"EEMP",0,336169,"PTRFDEEP","DEEP",17.76804,-64.61806
2025,4074,"EEMP",0,337267,"PTRFDEEP","DEEP",17.76869,-64.61871
2025,4075,"OPEN",0,371629,"PTRFDEEP","DEEP",17.78377,-64.4953
2025,4076,"OPEN",0,333092,"PTRFDEEP","DEEP",17.7677,-64.51269
2025,4078,"OPEN",0,151234,"PVMTDEEP","DEEP",17.69173,-64.68114
2025,4079,"BUIS",0,404392,"PTRFSHLW","SHLW",17.79626,-64.60756
2025,4080,"BUIS",0,383500,"PTRFSHLW","SHLW",17.78768,-64.60361
2025,4082,"BUIS",0,391221,"AGRFSHLW","SHLW",17.79093,-64.59376
2025,4083,"BUIS",0,394473,"PTRFSHLW","SHLW",17.79219,-64.61609
2025,4084,"BUIS",0,414248,"AGRFSHLW","SHLW",17.79997,-64.62817
2025,4085,"BUIS",0,390081,"PTRFSHLW","SHLW",17.79031,-64.61233
2025,4086,"BUIS",0,379103,"PTRFSHLW","SHLW",17.78589,-64.60229
2025,4087,"BUIS",0,375798,"PTRFSHLW","SHLW",17.78444,-64.60451
2025,4089,"EEMP",0,3059358,"PTRFSHLW","SHLW",17.76314,-64.58889
2025,4090,"SARI",0,368881,"AGRFSHLW","SHLW",17.78045,-64.75402
2025,4091,"OPEN",0,155539,"PTRFSHLW","SHLW",17.69308,-64.72567
2025,4093,"OPEN",0,152309,"PVMTSHLW","SHLW",17.69209,-64.69277
2025,4094,"BUIS",0,428577,"PVMTDEEP","DEEP",17.80624,-64.61435
2025,4095,"BUIS",0,391243,"PVMTSHLW","SHLW",17.79114,-64.58312
2025,4096,"BUIS",0,406522,"AGRFDEEP","DEEP",17.79699,-64.64018
2025,4097,"BUIS",0,435132,"PVMTDEEP","DEEP",17.8087,-64.63563
2025,4098,"BUIS",0,413222,"PVMTDEEP","DEEP",17.80005,-64.59336
2025,4099,"BUIS",0,412121,"PVMTDEEP","DEEP",17.79948,-64.59392
2025,4100,"BUIS",0,389050,"PVMTDEEP","DEEP",17.79015,-64.58009
2025,4101,"BUIS",0,440636,"PVMTDEEP","DEEP",17.81075,-64.63371
2025,4102,"BUIS",0,406670,"PVMTDEEP","DEEP",17.79757,-64.57041
2025,4103,"BUIS",0,435153,"AGRFDEEP","DEEP",17.80879,-64.62587
2025,4104,"BUIS",0,408841,"PVMTDEEP","DEEP",17.79839,-64.58437
2025,4105,"BUIS",0,424204,"AGRFDEEP","DEEP",17.80442,-64.60162
2025,4108,"BUIS",0,398958,"PVMTDEEP","DEEP",17.79444,-64.57645
2025,4109,"BUIS",0,431860,"AGRFDEEP","DEEP",17.80752,-64.62242
2025,4110,"BUIS",0,405546,"PVMTDEEP","DEEP",17.79697,-64.58176
2025,4111,"BUIS",0,398949,"PVMTDEEP","DEEP",17.79437,-64.58043
2025,4112,"EEMP",0,361581,"PVMTDEEP","DEEP",17.77887,-64.56537
2025,4113,"EEMP",0,301180,"AGRFDEEP","DEEP",17.75445,-64.51826
2025,4114,"EEMP",0,402325,"AGRFDEEP","DEEP",17.79582,-64.54454
2025,4116,"EEMP",0,317630,"PVMTDEEP","DEEP",17.76118,-64.54211
2025,4118,"EEMP",0,214130,"PVMTDEEP","DEEP",17.71827,-64.58894
2025,4119,"EEMP",0,204175,"PVMTDEEP","DEEP",17.71386,-64.61483
2025,4121,"EEMP",0,206376,"PVMTDEEP","DEEP",17.71492,-64.61397
2025,4122,"EEMP",0,219659,"AGRFDEEP","DEEP",17.72051,-64.57526
2025,4123,"EEMP",0,306691,"PVMTDEEP","DEEP",17.7568,-64.51313
2025,4124,"EEMP",0,377000,"PVMTDEEP","DEEP",17.7854,-64.55613
2025,4125,"EEMP",0,163435,"AGRFDEEP","DEEP",17.69711,-64.63328
2025,4129,"EEMP",0,182216,"AGRFDEEP","DEEP",17.70505,-64.59528
2025,4131,"EEMP",0,154603,"PVMTDEEP","DEEP",17.69351,-64.64822
2025,4132,"EEMP",0,391305,"AGRFDEEP","DEEP",17.79134,-64.55424
2025,4134,"EEMP",0,382543,"AGRFDEEP","DEEP",17.78776,-64.53601
2025,4135,"EEMP",0,252680,"PVMTDEEP","DEEP",17.73445,-64.56533
2025,4137,"OPEN",0,418948,"PTRFDEEP","DEEP",17.80329,-64.48688
2025,4138,"OPEN",0,369454,"PVMTDEEP","DEEP",17.78267,-64.48378
2025,4139,"OPEN",0,420073,"AGRFDEEP","DEEP",17.80365,-64.47476
2025,4140,"OPEN",0,445418,"AGRFDEEP","DEEP",17.8143,-64.454
2025,4141,"OPEN",0,439796,"AGRFDEEP","DEEP",17.81133,-64.51141
2025,4142,"OPEN",0,359542,"AGRFDEEP","DEEP",17.77846,-64.48948
2025,4143,"BUIS",0,403267,"AGRFDEEP","DEEP",17.79565,-64.61924
2025,4144,"OPEN",0,395929,"AGRFDEEP","DEEP",17.79378,-64.4486
2025,4146,"OPEN",0,401391,"PVMTDEEP","DEEP",17.7959,-64.46633
2025,4147,"OPEN",0,438665,"PVMTDEEP","DEEP",17.8111,-64.52572
2025,4148,"OPEN",0,450913,"PVMTDEEP","DEEP",17.81629,-64.45613
2025,4149,"OPEN",0,455292,"PVMTDEEP","DEEP",17.81796,-64.4661
2025,4150,"OPEN",0,422191,"AGRFDEEP","DEEP",17.80426,-64.51372
2025,4154,"OPEN",0,433238,"AGRFDEEP","DEEP",17.80889,-64.49166
2025,4155,"OPEN",0,406899,"AGRFDEEP","DEEP",17.79841,-64.46284
2025,4156,"OPEN",0,346315,"PTRFDEEP","DEEP",17.77331,-64.50182
2025,4157,"OPEN",0,433306,"PVMTDEEP","DEEP",17.80896,-64.45941
2025,4158,"OPEN",0,385969,"PVMTDEEP","DEEP",17.78971,-64.4769
2025,4161,"OPEN",0,464113,"PVMTDEEP","DEEP",17.82206,-64.45632
2025,4162,"OPEN",0,374407,"AGRFDEEP","DEEP",17.78278,-64.74183
2025,4163,"SARI",0,389787,"PVMTDEEP","DEEP",17.78933,-64.75122
2025,4164,"SARI",0,393088,"PVMTDEEP","DEEP",17.79051,-64.75056
2025,4165,"SARI",0,391983,"PVMTDEEP","DEEP",17.79016,-64.75284
2025,4166,"OPEN",0,65184,"AGRFDEEP","DEEP",17.6554,-64.79861
2025,4167,"OPEN",0,26484,"AGRFDEEP","DEEP",17.63871,-64.89241
2025,4168,"OPEN",0,38613,"PVMTDEEP","DEEP",17.64384,-64.87897
2025,4169,"OPEN",0,112578,"PVMTDEEP","DEEP",17.67537,-64.75448
2025,4170,"OPEN",0,52908,"PVMTDEEP","DEEP",17.64963,-64.88148
2025,4172,"OPEN",0,38600,"PVMTDEEP","DEEP",17.6436,-64.88516
2025,4173,"OPEN",0,68453,"PVMTDEEP","DEEP",17.65671,-64.81323
2025,4176,"OPEN",0,40819,"PVMTDEEP","DEEP",17.6448,-64.87625
2025,4177,"OPEN",0,115887,"PVMTDEEP","DEEP",17.67665,-64.74996
2025,4178,"OPEN",0,40843,"PVMTDEEP","DEEP",17.64488,-64.86487
2025,4179,"OPEN",0,129145,"AGRFDEEP","DEEP",17.68244,-64.72266
2025,4180,"OPEN",0,72892,"AGRFDEEP","DEEP",17.65864,-64.79489
2025,4181,"OPEN",0,28735,"AGRFDEEP","DEEP",17.63999,-64.86866
2025,4185,"BUIS",0,404423,"PVMTSHLW","SHLW",17.79633,-64.59292
2025,4186,"BUIS",0,366915,"PVMTSHLW","SHLW",17.78066,-64.64373
2025,4187,"BUIS",0,389034,"AGRFSHLW","SHLW",17.79012,-64.58754
2025,4188,"BUIS",0,399923,"PVMTSHLW","SHLW",17.79421,-64.64006
2025,4189,"BUIS",0,421969,"PVMTSHLW","SHLW",17.80344,-64.61829
2025,4190,"BUIS",0,404337,"AGRFSHLW","SHLW",17.79591,-64.63334
2025,4191,"BUIS",0,404343,"PVMTSHLW","SHLW",17.79612,-64.63048
2025,4192,"BUIS",0,425233,"PVMTDEEP","DEEP",17.80478,-64.63512
2025,4193,"BUIS",0,390114,"PVMTSHLW","SHLW",17.79051,-64.59715
2025,4194,"EEMP",0,171095,"PVMTSHLW","SHLW",17.70021,-64.65239
2025,4195,"EEMP",0,363602,"PVMTSHLW","SHLW",17.77917,-64.64952
2025,4196,"EEMP",0,336238,"AGRFSHLW","SHLW",17.76848,-64.58557
2025,4197,"EEMP",0,195308,"PVMTSHLW","SHLW",17.71027,-64.64633
2025,4198,"OPEN",0,464034,"PVMTSHLW","SHLW",17.82136,-64.49355
2025,4199,"OPEN",0,217895,"AGRFSHLW","SHLW",17.71742,-64.88821
2025,4200,"OPEN",0,335721,"AGRFSHLW","SHLW",17.7662,-64.82941
2025,4202,"OPEN",0,365465,"PVMTSHLW","SHLW",17.77874,-64.80861
2025,4203,"SARI",0,387587,"PVMTSHLW","SHLW",17.78833,-64.75132
2025,4204,"SARI",0,388688,"PVMTSHLW","SHLW",17.78877,-64.75082
2025,4205,"SARI",0,384275,"PVMTSHLW","SHLW",17.78683,-64.75699
2025,4206,"OPEN",0,93792,"AGRFSHLW","SHLW",17.66728,-64.79452
2025,4207,"OPEN",0,71639,"SCRSHLW","SHLW",17.65744,-64.86691
2025,4209,"OPEN",0,151209,"PVMTSHLW","SHLW",17.69171,-64.69276
2025,4211,"OPEN",0,172102,"PVMTSHLW","SHLW",17.70016,-64.69613
2025,4212,"OPEN",0,62889,"PVMTSHLW","SHLW",17.65425,-64.84326
2025,4213,"OPEN",0,133553,"PVMTSHLW","SHLW",17.68414,-64.71919
2025,4214,"OPEN",0,67187,"PVMTSHLW","SHLW",17.65559,-64.8912
2025,4215,"OPEN",0,76133,"AGRFSHLW","SHLW",17.6598,-64.82241
2025,4217,"BUIS",0,369209,"AGRFSHLW","SHLW",17.78179,-64.5994
2025,4218,"BUIS",0,381341,"SCRDEEP","DEEP",17.78693,-64.5844
2025,4219,"BUIS",0,3076563,"PTRFDEEP","DEEP",17.77305,-64.60076
2025,4220,"BUIS",0,393379,"PTRFDEEP","DEEP",17.79156,-64.6137
2025,4221,"BUIS",0,363716,"AGRFDEEP","DEEP",17.77967,-64.59608
2025,4222,"EEMP",0,339566,"PVMTDEEP","DEEP",17.76986,-64.57211
2025,4226,"EEMP",0,342974,"AGRFDEEP","DEEP",17.7717,-64.52119
2025,4227,"EEMP",0,251618,"SCRDEEP","DEEP",17.73383,-64.54755
2025,4228,"OPEN",0,411266,"PTRFDEEP","DEEP",17.80017,-64.47842
2025,4230,"OPEN",0,3174164,"AGRFDEEP","DEEP",17.81764,-64.52535
2025,4231,"OPEN",0,414558,"AGRFDEEP","DEEP",17.8012,-64.48192
2025,4232,"OPEN",0,401367,"AGRFDEEP","DEEP",17.79595,-64.4778
2025,4233,"OPEN",0,457385,"PVMTDEEP","DEEP",17.81878,-64.51637
2025,4234,"OPEN",0,217891,"PVMTDEEP","DEEP",17.71749,-64.89011
2025,4236,"SARI",0,393081,"PVMTDEEP","DEEP",17.79033,-64.75386
2025,4237,"OPEN",0,90509,"PVMTDEEP","DEEP",17.66593,-64.78692
2025,4238,"OPEN",0,105942,"PVMTDEEP","DEEP",17.67259,-64.77135
2025,4239,"OPEN",0,109252,"SCRDEEP","DEEP",17.67397,-64.76676
2025,4241,"OPEN",0,105937,"SCRDEEP","DEEP",17.67238,-64.7738
2025,4242,"BUIS",0,395556,"AGRFSHLW","SHLW",17.7927,-64.62417
2025,4244,"BUIS",0,392227,"SCRSHLW","SHLW",17.79096,-64.63812
2025,4247,"OPEN",0,328005,"SCRSHLW","SHLW",17.76303,-64.83649
2025,4248,"OPEN",0,100380,"PVMTSHLW","SHLW",17.66991,-64.80025
2025,4249,"OPEN",0,76132,"PVMTSHLW","SHLW",17.65974,-64.82294
2025,4250,"BUIS",0,371365,"AGRFSHLW","SHLW",17.78238,-64.62019
2025,4258,"OPEN",0,269574,"AGRFDEEP","DEEP",17.73865,-64.89831
2025,4259,"OPEN",0,3063999,"PVMTDEEP","DEEP",17.76381,-64.89045
2025,4262,"OPEN",0,273974,"AGRFDEEP","DEEP",17.74033,-64.89834
2025,4279,"OPEN",0,28806,"AGRFDEEP","DEEP",17.64019,-64.83519
2025,4283,"BUIS",0,373570,"AGRFSHLW","SHLW",17.78356,-64.61768
2025,4286,"EEMP",0,3054093,"PTRFSHLW","SHLW",17.75952,-64.59151
2025,4288,"EEMP",0,324096,"AGRFSHLW","SHLW",17.76325,-64.60499
2025,4290,"EEMP",0,329567,"AGRFSHLW","SHLW",17.76533,-64.61876
2025,4293,"OPEN",0,308498,"AGRFSHLW","SHLW",17.7562,-64.6986
2025,4301,"EEMP",0,322883,"BDRKSHLW","SHLW",17.76248,-64.65849
2025,4314,"BUIS",0,399991,"PTRFDEEP","DEEP",17.79444,-64.60791
2025,4315,"BUIS",0,373584,"PTRFDEEP","DEEP",17.78374,-64.611
2025,4316,"BUIS",0,385706,"PTRFDEEP","DEEP",17.78856,-64.60086
2025,4317,"BUIS",0,361517,"AGRFDEEP","DEEP",17.7788,-64.59527
2025,4318,"BUIS",0,398894,"SCRDEEP","DEEP",17.79396,-64.60649
2025,4320,"BUIS",0,404386,"PTRFDEEP","DEEP",17.79626,-64.61042
2025,4321,"BUIS",0,370299,"PTRFDEEP","DEEP",17.78245,-64.60397
2025,4323,"EEMP",0,336181,"PTRFDEEP","DEEP",17.76818,-64.61217
2025,4330,"BUIS",0,408785,"PTRFSHLW","SHLW",17.79787,-64.61079
2025,4332,"BUIS",0,388967,"PTRFSHLW","SHLW",17.78965,-64.61894
2025,4333,"BUIS",0,410975,"AGRFSHLW","SHLW",17.79893,-64.61548
2025,4334,"BUIS",0,404347,"AGRFSHLW","SHLW",17.79616,-64.62862
2025,4336,"BUIS",0,406589,"PVMTSHLW","SHLW",17.79712,-64.60893
2025,4338,"EEMP",0,327428,"PTRFSHLW","SHLW",17.76479,-64.59024
2025,4341,"OPEN",0,72796,"AGRFSHLW","SHLW",17.65801,-64.84003
2025,4343,"OPEN",0,77239,"PTRFSHLW","SHLW",17.6604,-64.8197
2025,4344,"BUIS",0,435134,"PVMTDEEP","DEEP",17.8088,-64.63477
2025,4345,"BUIS",0,409939,"AGRFDEEP","DEEP",17.79872,-64.58527
2025,4346,"BUIS",0,427479,"PVMTDEEP","DEEP",17.80587,-64.61338
2025,4347,"BUIS",0,431875,"AGRFDEEP","DEEP",17.80741,-64.61542
2025,4349,"BUIS",0,435145,"AGRFDEEP","DEEP",17.80876,-64.62986
2025,4350,"BUIS",0,371378,"PTRFDEEP","DEEP",17.78266,-64.61395
2025,4351,"BUIS",0,423026,"AGRFDEEP","DEEP",17.80389,-64.63864
2025,4353,"BUIS",0,430735,"PVMTDEEP","DEEP",17.8068,-64.63436
2025,4354,"BUIS",0,402260,"PVMTDEEP","DEEP",17.79567,-64.57548
2025,4355,"BUIS",0,423101,"AGRFDEEP","DEEP",17.80409,-64.60341
2025,4357,"BUIS",0,436244,"PVMTDEEP","DEEP",17.80922,-64.63003
2025,4358,"BUIS",0,404321,"SCRDEEP","DEEP",17.79604,-64.64083
2025,4359,"BUIS",0,414325,"PVMTDEEP","DEEP",17.80047,-64.59199
2025,4360,"BUIS",0,372486,"PTRFDEEP","DEEP",17.78311,-64.60991
2025,4361,"BUIS",0,407753,"PVMTDEEP","DEEP",17.79787,-64.57866
2025,4364,"EEMP",0,386889,"AGRFDEEP","DEEP",17.78929,-64.56168
2025,4366,"EEMP",0,402310,"PVMTDEEP","DEEP",17.79595,-64.5515
2025,4367,"EEMP",0,414421,"PVMTDEEP","DEEP",17.80099,-64.5468
2025,4381,"EEMP",0,412226,"PVMTDEEP","DEEP",17.79995,-64.54438
2025,4383,"EEMP",0,349501,"PVMTDEEP","DEEP",17.77429,-64.55568
2025,4385,"EEMP",0,357168,"PVMTDEEP","DEEP",17.77717,-64.57153
2025,4397,"OPEN",0,397972,"AGRFDEEP","DEEP",17.79433,-64.52246
2025,4402,"OPEN",0,416643,"PVMTDEEP","DEEP",17.80168,-64.53636
2025,4424,"OPEN",0,37467,"AGRFDEEP","DEEP",17.64313,-64.90055
2025,4431,"BUIS",0,385694,"PTRFDEEP","DEEP",17.78853,-64.60642
2025,4434,"OPEN",0,50773,"PVMTDEEP","DEEP",17.64917,-64.85085
2025,4435,"BUIS",0,383529,"AGRFSHLW","SHLW",17.78794,-64.58997
2025,4436,"BUIS",0,369235,"AGRFSHLW","SHLW",17.78192,-64.58713
2025,4438,"BUIS",0,385723,"AGRFSHLW","SHLW",17.78868,-64.5929
2025,4440,"BUIS",0,404432,"PVMTSHLW","SHLW",17.79644,-64.58866
2025,4442,"BUIS",0,365817,"PVMTSHLW","SHLW",17.78025,-64.64243
2025,4443,"BUIS",0,402197,"AGRFSHLW","SHLW",17.7954,-64.60504
2025,4451,"OPEN",0,350343,"PVMTSHLW","SHLW",17.77356,-64.67766
2025,4467,"BUIS",0,378036,"PTRFDEEP","DEEP",17.78566,-64.58632
2025,4471,"BUIS",0,365823,"SCRDEEP","DEEP",17.78027,-64.63996
2025,4472,"EEMP",0,339566,"SCRDEEP","DEEP",17.76976,-64.57245
2025,4473,"EEMP",0,352749,"PTRFDEEP","DEEP",17.77517,-64.58054
2025,4475,"EEMP",0,348349,"SCRDEEP","DEEP",17.77353,-64.58033
2025,4477,"EEMP",0,336252,"AGRFDEEP","DEEP",17.76831,-64.57894
2025,4478,"OPEN",0,412257,"PTRFDEEP","DEEP",17.80008,-64.52978
2025,4487,"OPEN",0,26597,"AGRFDEEP","DEEP",17.63932,-64.83911
2025,4488,"OPEN",0,101529,"SCRDEEP","DEEP",17.67064,-64.77735
2025,4492,"BUIS",0,365808,"SCRSHLW","SHLW",17.7801,-64.64673
2025,4601,"EEMP",0,227244,"AGRFSHLW","SHLW",17.72353,-64.62932
2025,4602,"EEMP",0,331731,"AGRFSHLW","SHLW",17.76613,-64.63606
2025,4603,"EEMP",0,325175,"AGRFSHLW","SHLW",17.76373,-64.61525
2025,4604,"EEMP",0,280126,"PVMTSHLW","SHLW",17.74543,-64.59077
2025,4605,"EEMP",0,220631,"AGRFSHLW","SHLW",17.72042,-64.63527
2025,4606,"EEMP",0,205197,"AGRFSHLW","SHLW",17.714,-64.65133
2025,4607,"EEMP",0,327313,"AGRFSHLW","SHLW",17.76454,-64.64426
2025,4608,"EEMP",0,228344,"AGRFSHLW","SHLW",17.72395,-64.62942
2025,4609,"EEMP",0,229447,"AGRFSHLW","SHLW",17.72417,-64.62793
2025,4610,"EEMP",0,339370,"BDRKSHLW","SHLW",17.76898,-64.6648
2025,4611,"EEMP",0,319566,"BDRKSHLW","SHLW",17.761,-64.6665
2025,4612,"EEMP",0,334967,"BDRKSHLW","SHLW",17.76719,-64.66605
2025,4613,"EEMP",0,320683,"BDRKSHLW","SHLW",17.76165,-64.65862
2025,4614,"EEMP",0,243759,"AGRFSHLW","SHLW",17.7301,-64.62235
2025,4615,"EEMP",0,326186,"BDRKSHLW","SHLW",17.76368,-64.65698
2025,4616,"EEMP",0,201880,"PTRFSHLW","SHLW",17.71262,-64.65947
2025,4617,"EEMP",0,335024,"PTRFSHLW","SHLW",17.76754,-64.6391
2025,4618,"EEMP",0,209582,"PTRFSHLW","SHLW",17.71568,-64.65838
2025,4619,"EEMP",0,336123,"PTRFSHLW","SHLW",17.76777,-64.6398
2025,4620,"EEMP",0,318652,"PTRFSHLW","SHLW",17.76108,-64.57893
2025,4621,"EEMP",0,215107,"PTRFSHLW","SHLW",17.71805,-64.64672
2025,4622,"EEMP",0,331731,"AGRFSHLW","SHLW",17.76613,-64.63606
2025,4623,"EEMP",0,333966,"AGRFDEEP","DEEP",17.76703,-64.6196
2025,4624,"EEMP",0,240465,"AGRFSHLW","SHLW",17.72884,-64.61973
2025,4625,"EEMP",0,330756,"PVMTSHLW","SHLW",17.76608,-64.57703
2025,4626,"EEMP",0,250387,"PVMTSHLW","SHLW",17.73295,-64.60921
2025,4628,"EEMP",0,212913,"AGRFSHLW","SHLW",17.71717,-64.6441
2025,4629,"EEMP",0,324058,"AGRFSHLW","SHLW",17.76308,-64.62297
2025,4630,"EEMP",0,240465,"AGRFSHLW","SHLW",17.72868,-64.6194
2025,4631,"EEMP",0,330616,"AGRFSHLW","SHLW",17.76571,-64.64309
2025,4632,"EEMP",0,236058,"PVMTSHLW","SHLW",17.727,-64.62284
2025,4633,"EEMP",0,243772,"PVMTSHLW","SHLW",17.73026,-64.61628
2025,4634,"EEMP",0,318656,"PTRFSHLW","SHLW",17.76142,-64.57675
2025,4636,"EEMP",0,323053,"AGRFSHLW","SHLW",17.76317,-64.57817
2025,4637,"EEMP",0,232751,"AGRFSHLW","SHLW",17.72567,-64.62608
2025,4638,"EEMP",0,324149,"AGRFSHLW","SHLW",17.76357,-64.58008
2025,4639,"EEMP",0,317556,"PTRFSHLW","SHLW",17.76087,-64.57698
2025,4650,"EEMP",0,327375,"AGRFSHLW","SHLW",17.76459,-64.61494
2025,4651,"EEMP",0,330741,"AGRFSHLW","SHLW",17.76622,-64.58409
2025,4661,"EEMP",0,332797,"PVMTSHLW","SHLW",17.7663,-64.65177
2025,4671,"EEMP",0,329540,"AGRFSHLW","SHLW",17.76533,-64.63152
2025,4673,"EEMP",0,336116,"PTRFSHLW","SHLW",17.76803,-64.64315
2025,4675,"EEMP",0,3016481,"PTRFSHLW","SHLW",17.71499,-64.65783
2025,4679,"EEMP",0,206274,"PTRFSHLW","SHLW",17.71445,-64.66232
2025,4680,"EEMP",0,338318,"PTRFSHLW","SHLW",17.76872,-64.64195
2025,4685,"EEMP",0,330673,"SCRDEEP","DEEP",17.76586,-64.61609
2025,4689,"EEMP",0,332824,"PVMTSHLW","SHLW",17.76651,-64.63916
2025,4691,"EEMP",0,330741,"AGRFSHLW","SHLW",17.76608,-64.58412
2025,4692,"EEMP",0,277935,"AGRFSHLW","SHLW",17.7446,-64.58672
2025,4693,"EEMP",0,285672,"AGRFSHLW","SHLW",17.74772,-64.5693
2025,4694,"EEMP",0,198571,"PVMTSHLW","SHLW",17.71125,-64.66387
2025,4695,"EEMP",0,338272,"PVMTSHLW","SHLW",17.76878,-64.66364
2025,4696,"EEMP",0,330638,"PTRFSHLW","SHLW",17.7657,-64.63259
2025,4699,"EEMP",0,3069789,"PVMTSHLW","SHLW",17.76896,-64.6499
2025,4701,"EEMP",0,336146,"PVMTSHLW","SHLW",17.76809,-64.62894
2025,4703,"EEMP",0,329519,"PVMTSHLW","SHLW",17.76531,-64.64153
2025,4704,"EEMP",0,341586,"PVMTSHLW","SHLW",17.77006,-64.65731
2025,4706,"EEMP",0,255892,"PVMTSHLW","SHLW",17.73512,-64.60697
2025,4707,"EEMP",0,201869,"AGRFSHLW","SHLW",17.71265,-64.66473
2025,4718,"EEMP",0,319753,"PTRFSHLW","SHLW",17.76192,-64.57848
